,Spends=1,Spends=2,Spends=3,Spends=4,Spends=5,Spends=6,Spends=7
HasCard=0,0.5097609322578475,0.6144090152541071,0.7094508886652924,0.7891074337457731,0.8514967221027464,0.8978190791689512,0.9308653499091134
HasCard=1,0.6872737554734321,0.7710482173396493,0.8376810873406021,0.8877447986006028,0.9237725628530651,0.9489029331197352,0.9660528748256993
